Player,Season,Age,Tm,MP,G,TRB,AST,STL,BLK,TOV,PTS,FG%,3P%,TS%,PER,USG%,WS,BPM,VORP,Salary2,Adjusted Salary3
LeBron James,2012-13,28,MIA,37.9,76,8,7.3,1.7,0.9,3,26.8,0.565,0.406,0.64,31.6,30.2,19.3,11.7,9.9,"$17,545,000 ","$20,772,824 "
Anthony Davis,2014-15,21,NOP,36.1,68,10.2,2.2,1.5,2.9,1.4,24.4,0.535,0.083,0.591,30.8,27.8,14,8.9,6.7,"$5,607,240 ","$6,391,900 "
James Harden,2018-19,29,HOU,36.8,78,6.6,7.5,2,0.7,5,36.1,0.442,0.368,0.616,30.6,40.5,15.2,11,9.3,"$30,570,000 ","$32,960,751 "
Kevin Durant,2013-14,25,OKC,38.5,81,7.4,5.5,1.3,0.7,3.5,32,0.503,0.391,0.635,29.8,33,19.2,10.2,9.6,"$18,773,176 ","$21,843,723 "
LeBron James,2013-14,29,MIA,37.7,77,6.9,6.3,1.6,0.3,3.5,27.1,0.567,0.379,0.649,29.3,31,15.9,8.8,7.9,"$19,067,500 ","$22,186,187 "
Anthony Davis,2017-18,24,NOP,36.4,75,11.1,2.3,1.5,2.6,2.2,28.1,0.534,0.34,0.612,28.9,30,13.7,6.7,5.9,"$23,775,506 ","$26,371,006 "
LeBron James,2017-18,33,CLE,36.9,82,8.6,9.1,1.4,0.9,4.2,27.5,0.542,0.367,0.621,28.6,31.6,14,8.7,8.2,"$33,285,709 ","$36,919,409 "
Kevin Durant,2012-13,24,OKC,38.5,81,7.9,4.6,1.4,1.3,3.5,28.1,0.51,0.416,0.647,28.3,29.8,18.9,9.3,8.9,"$17,548,838 ","$20,777,369 "
Kevin Durant,2015-16,27,OKC,35.8,72,8.2,5,1,1.2,3.5,28.2,0.505,0.387,0.634,28.2,30.6,14.5,9.9,7.8,"$21,971,850 ","$25,015,562 "
LeBron James,2015-16,31,CLE,35.6,76,7.4,6.8,1.4,0.6,3.3,25.3,0.52,0.309,0.588,27.5,31.4,13.6,9,7.5,"$22,970,500 ","$26,152,553 "
Anthony Davis,2016-17,23,NOP,36.1,75,11.8,2.1,1.3,2.2,2.4,28,0.505,0.299,0.58,27.5,32.6,11,5.9,5.4,"$22,116,750 ","$24,931,882 "
James Harden,2016-17,27,HOU,36.4,81,8.1,11.2,1.5,0.5,5.7,29.1,0.44,0.347,0.613,27.4,34.2,15,8.7,8,"$26,540,100 ","$29,918,259 "
Giannis Antetokounmpo,2017-18,23,MIL,36.7,75,10,4.8,1.5,1.4,3,26.9,0.529,0.307,0.598,27.3,31.2,11.9,6.2,5.7,"$22,471,911 ","$24,925,101 "
LeBron James,2016-17,32,CLE,37.8,74,8.6,8.7,1.2,0.6,4.1,26.4,0.548,0.363,0.619,27,30,12.9,7.6,6.7,"$30,963,450 ","$34,904,635 "
Kevin Love,2013-14,25,MIN,36.3,77,12.5,4.4,0.8,0.5,2.5,26.1,0.457,0.376,0.591,26.9,28.8,14.3,8.9,7.7,"$14,693,906 ","$17,097,246 "
James Harden,2014-15,25,HOU,36.8,81,5.7,7,1.9,0.7,4,27.4,0.44,0.375,0.605,26.7,31.3,16.4,8.8,8.1,"$14,693,906 ","$16,750,126 "
Giannis Antetokounmpo,2016-17,22,MIL,35.6,80,8.8,5.4,1.6,1.9,2.9,22.9,0.521,0.272,0.599,26.1,28.3,12.4,7.3,6.7,"$2,995,420 ","$3,376,692 "
LeBron James,2014-15,30,CLE,36.1,69,6,7.4,1.6,0.7,3.9,25.3,0.488,0.354,0.577,25.9,32.3,10.4,7.1,5.7,"$20,644,400 ","$23,533,315 "
Karl-Anthony Towns,2016-17,21,MIN,37,82,12.3,2.7,0.7,1.3,2.6,25.1,0.542,0.367,0.618,25.9,27.5,12.7,4.7,5.2,"$5,960,160 ","$6,718,799 "
James Harden,2015-16,26,HOU,38.1,82,6.1,7.5,1.7,0.6,4.6,29,0.439,0.359,0.598,25.3,32.5,13.3,6.6,6.8,"$15,719,062 ","$17,896,589 "
Damian Lillard,2017-18,27,POR,36.6,73,4.5,6.6,1.1,0.4,2.8,26.9,0.439,0.361,0.594,25.2,30.6,12.6,7.2,6.3,"$26,153,057 ","$29,008,107 "
Jimmy Butler,2016-17,27,CHI,37,76,6.2,5.5,1.9,0.4,2.1,23.9,0.455,0.367,0.586,25.1,26.5,13.8,7.3,6.6,"$17,552,209 ","$19,786,343 "
Anthony Davis,2015-16,22,NOP,35.5,61,10.3,1.9,1.3,2,2,24.3,0.493,0.324,0.559,25,29.6,7.2,3.9,3.2,"$7,070,730 ","$8,050,222 "
Karl-Anthony Towns,2017-18,22,MIN,35.6,82,12.3,2.4,0.8,1.4,1.9,21.3,0.545,0.421,0.646,24.9,22.9,14,5.1,5.2,"$6,216,840 ","$6,895,513 "
Carmelo Anthony,2012-13,28,NYK,37,67,6.9,2.6,0.8,0.5,2.6,28.7,0.449,0.379,0.56,24.8,35.6,9.5,4.3,3.9,"$19,450,000 ","$23,028,295 "
Brook Lopez,2012-13,24,BRK,30.4,74,6.9,0.9,0.4,2.1,1.8,19.4,0.521,0,0.567,24.7,28.6,9,3.2,3,"$13,668,000 ","$16,182,557 "
Russell Westbrook,2017-18,29,OKC,36.4,80,10.1,10.3,1.8,0.3,4.8,25.4,0.449,0.298,0.524,24.7,34.1,10.1,6.3,6.1,"$28,299,399 ","$31,388,759 "
Tim Duncan,2012-13,36,SAS,30.1,69,9.9,2.7,0.7,2.7,2.1,17.8,0.502,0.286,0.554,24.4,27.8,8.3,5.3,3.8,"$9,638,554 ","$11,411,797 "
Carmelo Anthony,2013-14,29,NYK,38.7,77,8.1,3.1,1.2,0.7,2.6,27.4,0.452,0.402,0.561,24.4,32.4,10.7,5,5.3,"$21,490,000 ","$25,004,912 "
Stephen Curry,2013-14,25,GSW,36.5,78,4.3,8.5,1.6,0.2,3.8,24,0.471,0.424,0.61,24.1,28.3,13.4,7.4,6.7,"$9,887,642 ","$11,504,868 "
Damian Lillard,2016-17,26,POR,35.9,75,4.9,5.9,0.9,0.3,2.6,27,0.444,0.37,0.586,24.1,31.5,10.4,5,4.8,"$24,328,425 ","$27,425,070 "
Blake Griffin,2013-14,24,LAC,35.8,80,9.5,3.9,1.2,0.6,2.8,24.1,0.528,0.273,0.583,23.9,29,12.2,4.5,4.7,"$16,402,500 ","$19,085,298 "
Jimmy Butler,2017-18,28,MIN,36.7,59,5.3,4.9,2,0.4,1.8,22.2,0.474,0.35,0.59,23.7,24.9,8.9,5.8,4.2,"$18,696,918 ","$20,738,004 "
James Harden,2013-14,24,HOU,38,73,4.7,6.1,1.6,0.4,3.6,25.4,0.456,0.366,0.618,23.5,27.8,12.8,5.6,5.3,"$13,668,750 ","$15,904,415 "
Paul George,2018-19,28,OKC,36.9,77,8.2,4.1,2.2,0.4,2.7,28,0.438,0.386,0.583,23.3,29.5,11.9,7.2,6.6,"$30,560,700 ","$32,950,723 "
John Wall,2016-17,26,WAS,36.4,78,4.2,10.7,2,0.6,4.1,23.1,0.451,0.327,0.541,23.2,30.6,8.8,4.7,4.8,"$15,756,438 ","$17,761,997 "
James Harden,2012-13,23,HOU,38.3,78,4.9,5.8,1.8,0.5,3.8,25.9,0.438,0.368,0.6,23,29,12.8,5.6,5.8,"$5,820,416 ","$6,891,221 "
Kobe Bryant,2012-13,34,LAL,38.6,78,5.6,6,1.4,0.3,3.7,27.3,0.463,0.324,0.57,23,31.9,10.9,4.6,5,"$27,849,000 ","$32,972,493 "
Kyle Lowry,2016-17,30,TOR,37.4,60,4.8,7,1.5,0.3,2.9,22.4,0.464,0.412,0.623,22.9,24.9,10.1,6.1,4.6,"$12,000,000 ","$13,527,421 "
Joel Embiid,2017-18,23,PHI,30.3,63,11,3.2,0.6,1.8,3.7,22.9,0.483,0.308,0.573,22.9,33.4,6.2,3.3,2.6,"$6,100,266 ","$6,766,213 "
LaMarcus Aldridge,2015-16,30,SAS,30.6,74,8.5,1.5,0.5,1.1,1.3,18,0.513,0,0.565,22.4,25.9,10.1,2.3,2.5,"$19,689,000 ","$22,416,474 "
Damian Lillard,2015-16,25,POR,35.7,75,4,6.8,0.9,0.4,3.2,25.1,0.419,0.375,0.56,22.2,31.3,9.2,4.4,4.3,"$4,236,286 ","$4,823,129 "
Kyle Lowry,2015-16,29,TOR,37,77,4.7,6.4,2.1,0.4,2.9,21.2,0.427,0.388,0.578,22.2,26.1,11.6,5.8,5.7,"$12,000,000 ","$13,662,333 "
LaMarcus Aldridge,2013-14,28,POR,36.2,69,11.1,2.6,0.9,1,1.8,23.2,0.458,0.2,0.507,21.8,29.8,7.5,2.3,2.7,"$14,100,000 ","$16,406,201 "
Derrick Favors,2014-15,23,UTA,30.8,74,8.2,1.5,0.8,1.7,1.6,16,0.525,0.167,0.558,21.8,23.8,8.3,2.5,2.6,"$12,950,000 ","$14,762,183 "
Kyrie Irving,2014-15,22,CLE,36.4,75,3.2,5.2,1.5,0.3,2.5,21.7,0.468,0.415,0.583,21.5,26.2,10.4,4.1,4.2,"$7,459,924 ","$8,503,843 "
DeMar DeRozan,2015-16,26,TOR,35.9,78,4.5,4,1,0.3,2.2,23.5,0.446,0.338,0.55,21.5,29.8,9.9,2.5,3.2,"$9,500,000 ","$10,816,014 "
Al Horford,2014-15,28,ATL,30.5,76,7.2,3.2,0.9,1.3,1.3,15.2,0.538,0.306,0.563,21.4,22.2,8.7,4.1,3.6,"$12,000,000 ","$13,679,243 "
Andre Drummond,2014-15,21,DET,30.5,82,13.5,0.7,0.9,1.9,1.5,13.8,0.514,0,0.504,21.4,22,7.7,-0.1,1.2,"$2,568,360 ","$2,927,768 "
Stephen Curry,2012-13,24,GSW,38.2,78,4,6.9,1.6,0.2,3.1,22.9,0.451,0.453,0.589,21.3,26.4,11.2,5.4,5.6,"$3,958,742 ","$4,687,047 "
Jimmy Butler,2014-15,25,CHI,38.7,65,5.8,3.3,1.8,0.6,1.4,20,0.462,0.378,0.583,21.3,21.6,11.2,4.6,4.2,"$2,119,214 ","$2,415,770 "
Jimmy Butler,2015-16,26,CHI,36.9,67,5.3,4.8,1.6,0.6,2,20.9,0.454,0.312,0.562,21.3,24.4,9.1,4.4,3.9,"$16,407,500 ","$18,680,395 "
Greg Monroe,2014-15,24,DET,31,69,10.2,2.1,1.1,0.5,2.2,15.9,0.496,,0.549,21.2,23.9,6.8,2,2.1,"$5,479,933 ","$6,246,778 "
Russell Westbrook,2018-19,30,OKC,36,73,11.1,10.7,1.9,0.5,4.5,22.9,0.428,0.29,0.501,21.1,30.9,6.8,5.2,4.7,"$35,665,000 ","$38,454,209 "
Danilo Gallinari,2018-19,30,LAC,30.3,68,6.1,2.6,0.7,0.3,1.5,19.8,0.463,0.433,0.633,21,23.8,8.2,4.3,3.3,"$21,587,579 ","$23,275,852 "
Julius Randle,2018-19,24,NOP,30.6,73,8.7,3.1,0.7,0.6,2.8,21.4,0.524,0.344,0.6,21,27.8,6.1,1.5,2,"$8,641,000 ","$9,316,776 "
Kemba Walker,2015-16,25,CHO,35.6,81,4.4,5.2,1.6,0.5,2.1,20.9,0.427,0.371,0.554,20.8,26.5,9.9,4,4.3,"$12,000,000 ","$13,662,333 "
Bradley Beal,2018-19,25,WAS,36.9,82,5,5.5,1.5,0.7,2.7,25.6,0.475,0.351,0.581,20.8,28.4,7.6,2.9,3.7,"$25,434,262 ","$27,423,368 "
Damian Lillard,2014-15,24,POR,35.7,82,4.6,6.2,1.2,0.3,2.7,21,0.434,0.343,0.56,20.7,26.9,10.6,4.7,4.9,"$3,340,920 ","$3,808,438 "
Jeff Teague,2014-15,26,ATL,30.5,73,2.5,7,1.7,0.4,2.8,15.9,0.46,0.343,0.566,20.6,25.3,7.7,2.9,2.8,"$8,000,000 ","$9,119,495 "
Dwight Howard,2017-18,32,CHO,30.4,81,12.5,1.3,0.6,1.6,2.6,16.6,0.555,0.143,0.577,20.5,24.2,6.8,-0.1,1.2,"$23,500,000 ","$26,065,424 "
Deandre Ayton,2018-19,20,PHO,30.7,71,10.3,1.8,0.9,0.9,1.8,16.3,0.585,0,0.608,20.5,21.2,5.8,0.2,1.2,"$8,175,840 ","$8,815,238 "
LaMarcus Aldridge,2012-13,27,POR,37.7,74,9.1,2.6,0.8,1.2,1.9,21.1,0.484,0.143,0.53,20.4,26.5,7.2,1.3,2.3,"$13,000,000 ","$15,391,662 "
Deron Williams,2012-13,28,BRK,36.4,78,3,7.7,1,0.4,2.8,18.9,0.44,0.378,0.574,20.3,24.4,10.9,3.8,4.2,"$17,177,795 ","$20,338,063 "
Dwyane Wade,2015-16,34,MIA,30.5,74,4.1,4.6,1.1,0.6,2.7,19,0.456,0.159,0.517,20.3,31.6,4.9,1.9,2.2,"$20,000,000 ","$22,770,556 "
DeMarcus Cousins,2012-13,22,SAC,30.5,75,9.9,2.7,1.4,0.7,3,17.1,0.465,0.182,0.524,20.2,28.1,4.4,0.2,1.2,"$3,880,800 ","$4,594,766 "
Paul George,2016-17,26,IND,35.9,75,6.6,3.3,1.6,0.4,2.9,23.7,0.461,0.393,0.587,20.2,28.9,7.1,3.1,3.4,"$18,100,000 ","$20,403,860 "
Kyle Lowry,2013-14,27,TOR,36.2,79,4.7,7.4,1.5,0.2,2.5,17.9,0.423,0.38,0.567,20.1,22.9,11.7,4.7,4.8,"$6,210,000 ","$7,225,709 "
Paul George,2013-14,23,IND,36.2,80,6.8,3.5,1.9,0.3,2.8,21.7,0.424,0.364,0.555,20.1,28.3,10.8,4.9,5,"$3,282,003 ","$3,818,808 "
Tyson Chandler,2014-15,32,DAL,30.5,75,11.5,1.1,0.6,1.2,1.4,10.3,0.666,,0.697,20.1,12.8,10.3,2.6,2.7,"$14,596,888 ","$16,639,532 "
John Wall,2014-15,24,WAS,35.9,79,4.6,10,1.7,0.6,3.8,17.6,0.445,0.3,0.523,19.9,26.1,7.8,3.6,4,"$13,701,250 ","$15,618,561 "
Al Horford,2012-13,26,ATL,37.2,74,10.2,3.2,1.1,1.1,2,17.4,0.543,0.5,0.56,19.8,21.8,8.8,1.9,2.7,"$12,000,000 ","$14,207,688 "
Paul Millsap,2012-13,27,UTA,30.4,78,7.1,2.6,1.3,1,1.8,14.6,0.49,0.333,0.55,19.8,22.4,7.6,2.7,2.8,"$7,200,000 ","$8,524,613 "
John Wall,2015-16,25,WAS,36.2,77,4.9,10.2,1.9,0.8,4.1,19.9,0.424,0.351,0.51,19.8,28.6,5.7,3.5,3.9,"$14,728,844 ","$16,769,198 "
Al Jefferson,2014-15,30,CHO,30.6,65,8.4,1.7,0.7,1.3,1,16.6,0.481,0.4,0.5,19.7,26.3,4.7,1.6,1.8,"$13,500,000 ","$15,389,149 "
Reggie Jackson,2015-16,25,DET,30.7,79,3.2,6.2,0.7,0.1,2.8,18.8,0.434,0.353,0.535,19.6,29.1,6.9,2.7,2.8,"$13,913,044 ","$15,840,387 "
John Wall,2013-14,23,WAS,36.3,82,4.1,8.8,1.8,0.5,3.6,19.3,0.433,0.351,0.524,19.5,27.4,7.9,2.7,3.6,"$7,459,924 ","$8,680,071 "
Dwight Howard,2012-13,27,LAL,35.8,76,12.4,1.4,1.1,2.4,3,17.1,0.578,0.167,0.573,19.4,22.2,7.6,0.6,1.8,"$19,261,200 ","$22,804,761 "
Serge Ibaka,2012-13,23,OKC,31.1,80,7.7,0.5,0.4,3,1.6,13.2,0.573,0.351,0.612,19.4,18.1,9.4,1.5,2.2,"$2,253,061 ","$2,667,565 "
D'Angelo Russell,2018-19,22,BRK,30.2,81,3.9,7,1.2,0.2,3.1,21.1,0.434,0.369,0.533,19.4,31.9,5,3.4,3.4,"$7,019,698 ","$7,568,679 "
Jrue Holiday,2018-19,28,NOP,35.9,67,5,7.7,1.6,0.8,3.1,21.2,0.472,0.325,0.555,19.4,25.4,5.4,3,3.1,"$26,641,111 ","$28,724,600 "
David Lee,2012-13,29,GSW,36.8,79,11.2,3.5,0.8,0.3,2.6,18.5,0.519,0,0.561,19.2,23.2,9.1,1.8,2.8,"$12,744,000 ","$15,088,565 "
Derrick Favors,2013-14,22,UTA,30.2,73,8.7,1.2,1,1.5,1.8,13.3,0.522,0,0.556,19,20.8,5.1,0.1,1.2,"$6,008,106 ","$6,990,794 "
Ty Lawson,2013-14,26,DEN,35.8,62,3.5,8.8,1.6,0.2,3.2,17.6,0.431,0.356,0.554,19,22.7,6.3,2.3,2.5,"$10,786,517 ","$12,550,763 "
Marcin Gortat,2015-16,31,WAS,30.1,75,9.9,1.4,0.6,1.3,1.6,13.5,0.567,0,0.592,19,18.9,7.3,0.6,1.5,"$11,217,391 ","$12,771,311 "
Paul George,2017-18,27,OKC,36.6,79,5.7,3.3,2,0.5,2.7,21.9,0.43,0.401,0.57,18.7,25.7,8.9,2.9,3.6,"$19,300,000 ","$21,406,922 "
Damian Lillard,2013-14,23,POR,35.8,82,3.5,5.6,0.8,0.3,2.4,20.7,0.424,0.394,0.568,18.6,25,9.6,3.2,3.9,"$3,202,920 ","$3,726,790 "
Ty Lawson,2014-15,27,DEN,35.5,75,3.1,9.6,1.2,0.1,2.5,15.2,0.436,0.341,0.526,18.5,20.6,7,2.2,2.8,"$11,595,506 ","$13,218,146 "
DeMar DeRozan,2013-14,24,TOR,38.2,79,4.3,4,1.1,0.4,2.2,22.7,0.429,0.305,0.532,18.4,28,8.8,1.7,2.8,"$9,500,000 ","$11,053,823 "
Bradley Beal,2017-18,24,WAS,36.3,82,4.4,4.5,1.2,0.4,2.6,22.6,0.46,0.375,0.564,18.4,27.6,6.9,2.2,3.1,"$23,775,506 ","$26,371,006 "
Gordon Hayward,2015-16,25,UTA,36.2,80,5,3.7,1.2,0.3,2.5,19.7,0.433,0.349,0.559,18.3,25.7,8.9,2.6,3.3,"$15,409,570 ","$17,544,224 "
Joakim Noah,2012-13,27,CHI,36.8,66,11.1,4,1.2,2.1,2.7,11.9,0.481,0,0.534,18.1,17.2,7.3,3.4,3.3,"$11,050,000 ","$13,082,913 "
Ryan Anderson,2012-13,24,NOH,30.9,81,6.4,1.2,0.5,0.4,1.2,16.2,0.423,0.382,0.548,18.1,24,6.5,2,2.5,"$8,700,000 ","$10,300,574 "
Tyreke Evans,2012-13,23,SAC,31,65,4.4,3.5,1.4,0.4,2,15.2,0.478,0.338,0.558,18.1,22.3,4.4,1.8,1.9,"$5,251,824 ","$6,218,023 "
Shawn Marion,2012-13,34,DAL,30,67,7.8,2.4,1.1,0.7,1.5,12.1,0.514,0.315,0.553,18,19,5.3,2.2,2.1,"$8,646,364 ","$10,237,070 "
Jrue Holiday,2017-18,27,NOP,36.1,81,4.5,6,1.5,0.8,2.6,19,0.494,0.337,0.57,17.8,23.1,7.1,1.6,2.7,"$25,686,667 ","$28,490,803 "
Ricky Rubio,2015-16,25,MIN,30.6,76,4.3,8.7,2.1,0.1,2.5,10.1,0.374,0.326,0.529,17.6,17.7,5.8,1.8,2.3,"$12,700,000 ","$14,459,303 "
David West,2013-14,33,IND,30.9,80,6.8,2.8,0.8,0.9,1.7,14,0.488,0.267,0.533,17.5,21.9,8.1,2.6,2.9,"$12,000,000 ","$13,962,724 "
Khris Middleton,2017-18,26,MIL,36.4,82,5.2,4,1.5,0.3,2.3,20.1,0.466,0.359,0.577,17.4,24.6,6.9,0,1.5,"$14,100,000 ","$15,639,254 "
Jamal Crawford,2013-14,33,LAC,30.3,69,2.3,3.2,0.9,0.2,2,18.6,0.416,0.361,0.556,17.3,27.2,5.3,1.6,1.9,"$5,225,000 ","$6,079,602 "
Dennis Schröder,2017-18,24,ATL,31,67,3.1,6.2,1.1,0.1,2.7,19.4,0.436,0.29,0.515,17.3,30.4,2.6,-0.6,0.7,"$15,500,000 ","$17,192,088 "
Gorgui Dieng,2014-15,25,MIN,30,73,8.3,2,1,1.7,1.7,9.7,0.506,0.167,0.573,17.2,15,4.9,0.2,1.2,"$1,413,480 ","$1,611,278 "
Ryan Anderson,2015-16,27,NOP,30.4,66,6,1.1,0.6,0.4,1.4,17,0.427,0.366,0.546,17.2,24.7,3.9,-0.2,0.9,"$8,500,000 ","$9,677,486 "
CJ McCollum,2017-18,26,POR,36.1,81,4,3.4,1,0.4,1.9,21.4,0.443,0.397,0.536,17,26.5,6.6,1.2,2.4,"$23,962,573 ","$26,578,494 "
Trae Young,2018-19,20,ATL,30.9,81,3.7,8.1,0.9,0.2,3.8,19.1,0.418,0.324,0.539,17,28.4,3.3,-0.6,0.9,"$5,363,280 ","$5,782,719 "
Tobias Harris,2016-17,24,DET,31.3,82,5.1,1.7,0.7,0.5,1.2,16.1,0.481,0.347,0.568,16.9,21.7,6.8,1.6,2.3,"$17,200,000 ","$19,389,303 "
Paul George,2012-13,22,IND,37.6,79,7.6,4.1,1.8,0.6,2.9,17.4,0.419,0.362,0.531,16.8,23.5,9,3.8,4.4,"$2,574,120 ","$3,047,691 "
Kemba Walker,2013-14,23,CHA,35.8,73,4.2,6.1,1.2,0.4,2.3,17.7,0.393,0.333,0.499,16.8,25.8,5.1,1.7,2.4,"$2,709,720 ","$3,152,922 "
Monta Ellis,2013-14,28,DAL,36.9,82,3.6,5.7,1.7,0.3,3.2,19,0.451,0.33,0.532,16.8,26,4.9,-0.3,1.3,"$8,360,000 ","$9,727,364 "
Khris Middleton,2015-16,24,MIL,36.1,79,3.8,4.2,1.7,0.2,2.3,18.2,0.444,0.396,0.56,16.8,23,6.1,0.6,1.9,"$14,700,000 ","$16,736,358 "
Jrue Holiday,2012-13,22,PHI,37.5,78,4.2,8,1.6,0.4,3.7,17.7,0.431,0.368,0.496,16.7,26.6,3.3,0.5,1.9,"$2,674,851 ","$3,166,954 "
Marc Gasol,2018-19,34,TOT,30.8,79,7.9,4.4,1.1,1.1,2,13.6,0.448,0.363,0.546,16.7,20.7,6,3.1,3.1,"$24,119,025 ","$26,005,272 "
Tobias Harris,2013-14,21,ORL,30.3,61,7,1.3,0.7,0.4,1.3,14.6,0.464,0.254,0.542,16.5,22.2,4.1,-0.7,0.6,"$1,630,800 ","$1,897,534 "
Andrew Wiggins,2016-17,21,MIN,37.2,82,4,2.3,1,0.4,2.3,23.6,0.452,0.356,0.534,16.5,29,4.2,-1.7,0.2,"$6,006,600 ","$6,771,150 "
Khris Middleton,2018-19,27,MIL,31.1,77,6,4.3,1,0.1,2.3,18.3,0.441,0.378,0.558,16.5,25.1,6.1,0.8,1.7,"$13,000,000 ","$14,016,675 "
Damian Lillard,2012-13,22,POR,38.6,82,3.1,6.5,0.9,0.2,3,19,0.429,0.368,0.546,16.4,24.2,5.8,0.3,1.8,"$3,065,040 ","$3,628,927 "
Kawhi Leonard,2012-13,21,SAS,31.2,58,6,1.6,1.7,0.6,1.1,11.9,0.494,0.374,0.592,16.4,16.4,6.2,3.1,2.3,"$1,861,920 ","$2,204,464 "
Serge Ibaka,2016-17,27,TOT,30.7,79,6.8,0.9,0.5,1.6,1.3,14.8,0.48,0.391,0.566,16.4,20.9,5.1,0.1,1.2,"$12,250,000 ","$13,809,242 "
Harrison Barnes,2016-17,24,DAL,35.5,79,5,1.5,0.8,0.2,1.3,19.2,0.468,0.351,0.541,16.3,25.3,4.6,-0.8,0.8,"$22,116,750 ","$24,931,882 "
Monta Ellis,2012-13,27,MIL,37.5,82,3.9,6,2.1,0.4,3.1,19.2,0.416,0.287,0.493,16.2,26.3,4.6,0.6,2.1,"$11,000,000 ","$13,023,714 "
Gordon Hayward,2013-14,23,UTA,36.4,77,5.1,5.2,1.4,0.5,2.8,16.2,0.413,0.304,0.52,16.2,23.1,3.6,0.8,2,"$3,452,183 ","$4,016,823 "
J.J. Redick,2014-15,30,LAC,30.9,78,2.1,1.8,0.5,0.1,1.2,16.4,0.477,0.437,0.622,16.2,21,6.7,1.3,2,"$6,792,500 ","$7,743,021 "
Thaddeus Young,2018-19,30,IND,30.7,81,6.5,2.5,1.5,0.4,1.5,12.6,0.527,0.349,0.569,16.2,18,6.9,1.5,2.2,"$13,764,045 ","$14,840,473 "
Brandon Jennings,2012-13,23,MIL,36.2,80,3.1,6.5,1.6,0.1,2.5,17.5,0.399,0.375,0.51,16.1,23.7,5.8,1.1,2.2,"$3,179,493 ","$3,764,437 "
Chandler Parsons,2013-14,25,HOU,37.6,74,5.5,4,1.2,0.4,1.9,16.6,0.472,0.37,0.565,15.9,19.3,7.6,1.7,2.6,"$926,500 ","$1,078,038 "
DeMarre Carroll,2014-15,28,ATL,31.3,70,5.3,1.7,1.3,0.2,1.1,12.6,0.487,0.395,0.603,15.9,16.9,7,1.7,2,"$2,500,000 ","$2,849,842 "
Victor Oladipo,2014-15,22,ORL,35.7,72,4.2,4.1,1.7,0.3,2.8,17.9,0.436,0.339,0.527,15.9,25.2,3.5,-0.4,1.1,"$4,978,200 ","$5,674,834 "
J.J. Redick,2017-18,33,PHI,30.2,70,2.5,3,0.5,0.1,1.5,17.1,0.46,0.42,0.614,15.9,21.7,6.6,1.1,1.7,"$23,000,000 ","$25,510,840 "
Nicolas Batum,2013-14,25,POR,36,82,7.5,5.1,0.9,0.7,2.5,13,0.465,0.361,0.589,15.8,16.5,7.9,3.4,4,"$10,920,250 ","$12,706,370 "
Nicolas Batum,2012-13,24,POR,38.5,73,5.6,4.9,1.2,1.1,2.6,14.3,0.423,0.372,0.566,15.7,18.2,5.8,2.8,3.4,"$11,950,000 ","$14,148,490 "
Spencer Hawes,2013-14,25,TOT,30.9,80,8.3,3,0.6,1.2,2.2,13.2,0.456,0.416,0.554,15.7,19.6,4.5,0.6,1.6,"$6,500,000 ","$7,563,142 "
Deron Williams,2014-15,30,BRK,31.1,68,3.5,6.6,0.9,0.3,2.3,13,0.387,0.367,0.504,15.7,22.3,3.6,0.2,1.2,"$19,754,465 ","$22,518,845 "
Rudy Gay,2012-13,26,TOT,35.8,75,6.1,2.7,1.5,0.7,2.6,18.2,0.416,0.323,0.494,15.6,27.2,4,1.1,2.1,"$16,460,532 ","$19,488,842 "
Khris Middleton,2014-15,23,MIL,30.1,79,4.4,2.3,1.5,0.1,1.4,13.4,0.467,0.407,0.563,15.6,19.9,6.7,1.6,2.2,"$915,243 ","$1,043,319 "
T.J. Warren,2016-17,23,PHO,31,66,5.1,1.1,1.2,0.6,0.9,14.4,0.495,0.265,0.539,15.6,19.2,4.1,-0.6,0.7,"$2,128,920 ","$2,399,899 "
Marcin Gortat,2012-13,28,PHO,30.8,61,8.5,1.2,0.7,1.6,1.6,11.1,0.521,0,0.543,15.4,17.2,3.4,-0.5,0.7,"$7,258,960 ","$8,594,420 "
Marcin Gortat,2016-17,32,WAS,31.2,82,10.4,1.5,0.5,0.7,1.5,10.8,0.579,0,0.593,15.4,14.7,6.8,-0.8,0.8,"$12,000,000 ","$13,527,421 "
Chandler Parsons,2012-13,24,HOU,36.3,76,5.3,3.5,1,0.4,1.9,15.5,0.486,0.385,0.584,15.3,18.3,7,2,2.8,"$888,250 ","$1,051,664 "
Joakim Noah,2014-15,29,CHI,30.6,67,9.6,4.7,0.7,1.1,1.8,7.2,0.445,0,0.482,15.3,13.7,5.6,2.1,2.1,"$12,700,000 ","$14,477,199 "
Darren Collison,2016-17,29,SAC,30.3,68,2.2,4.6,1,0.1,1.7,13.2,0.476,0.417,0.57,15.3,19.8,3.9,-0.9,0.6,"$5,229,454 ","$5,895,085 "
Jayson Tatum,2017-18,19,BOS,30.5,80,5,1.6,1,0.7,1.4,13.9,0.475,0.434,0.586,15.3,19.5,7.1,1.2,2,"$5,645,400 ","$6,261,691 "
José Calderón,2013-14,32,DAL,30.5,81,2.4,4.7,0.9,0.1,1.3,11.4,0.456,0.449,0.596,15.2,16.2,6.3,1.9,2.4,"$6,791,570 ","$7,902,401 "
Eric Gordon,2017-18,29,HOU,31.2,69,2.5,2.2,0.6,0.4,1.9,18,0.428,0.359,0.578,15.2,24.7,4.7,0.4,1.3,"$12,943,020 ","$14,355,970 "
Luol Deng,2012-13,27,CHI,38.7,75,6.3,3,1.1,0.4,1.9,16.5,0.426,0.322,0.508,15.1,21.5,6.3,0.8,2,"$13,326,700 ","$15,778,467 "
Jayson Tatum,2018-19,20,BOS,31.1,79,6,2.1,1.1,0.7,1.5,15.7,0.45,0.373,0.547,15.1,22.1,5,-0.2,1.1,"$6,700,800 ","$7,224,841 "
Nerlens Noel,2014-15,20,PHI,30.8,75,8.1,1.7,1.8,1.9,1.9,9.9,0.462,,0.493,15,17,4,-0.3,1,"$3,315,120 ","$3,779,027 "
Ömer Aşık,2012-13,26,HOU,30,82,11.7,0.9,0.6,1.1,2.1,10.1,0.541,0,0.558,14.9,16.3,5.5,-1.6,0.3,"$5,000,000 ","$5,919,870 "
Thaddeus Young,2016-17,28,IND,30.2,74,6.1,1.6,1.5,0.4,1.3,11,0.527,0.381,0.562,14.9,16.4,4.6,0.5,1.4,"$12,078,652 ","$13,616,084 "
Wilson Chandler,2016-17,29,DEN,30.9,71,6.5,2,0.7,0.4,1.6,15.7,0.461,0.337,0.545,14.9,22,3.5,-1,0.5,"$11,233,146 ","$12,662,958 "
DeMar DeRozan,2012-13,23,TOR,36.7,82,3.9,2.5,0.9,0.3,1.8,18.1,0.445,0.283,0.523,14.7,24.2,4.7,-1.4,0.4,"$3,344,250 ","$3,959,505 "
J.J. Redick,2012-13,28,TOT,30.5,78,2.2,3.8,0.5,0.1,1.8,14.1,0.434,0.366,0.571,14.7,20.8,4.5,-0.4,0.9,"$6,000,000 ","$7,103,844 "
Otto Porter Jr.,2015-16,22,WAS,30.3,75,5.2,1.6,1.4,0.4,0.9,11.6,0.473,0.367,0.564,14.5,16.2,5.6,1.1,1.8,"$4,662,960 ","$5,308,909 "
Nicolas Batum,2017-18,29,CHO,31,64,4.8,5.5,1,0.4,2,11.6,0.415,0.336,0.523,14.4,18.3,3.5,0.4,1.2,"$22,434,783 ","$24,883,920 "
Kyle Kuzma,2017-18,22,LAL,31.2,77,6.3,1.8,0.6,0.4,1.8,16.1,0.45,0.366,0.549,14.2,22.5,3.8,-0.7,0.8,"$1,423,560 ","$1,578,965 "
Joe Johnson,2012-13,31,BRK,36.7,72,3,3.5,0.7,0.2,1.7,16.3,0.423,0.375,0.521,14.1,21.7,5.1,0,1.3,"$19,752,645 ","$23,386,619 "
Kyle Korver,2012-13,31,ATL,30.5,74,4,2,0.9,0.5,0.9,10.9,0.461,0.457,0.637,13.9,14.5,6.4,1.8,2.2,"$5,000,000 ","$5,919,870 "
Andrew Wiggins,2014-15,19,MIN,36.2,82,4.6,2.1,1,0.6,2.2,16.9,0.437,0.31,0.517,13.9,22.6,2.1,-2.4,-0.3,"$5,510,640 ","$6,281,782 "
Bojan Bogdanović,2017-18,28,IND,30.8,80,3.4,1.5,0.7,0.1,1.3,14.3,0.474,0.402,0.605,13.9,19,5.4,-0.7,0.8,"$10,500,000 ","$11,646,253 "
Josh McRoberts,2013-14,26,CHA,30.3,78,4.8,4.3,0.7,0.6,1.1,8.5,0.436,0.361,0.548,13.8,13.4,6.5,2,2.3,"$2,652,000 ","$3,085,762 "
Elfrid Payton,2014-15,20,ORL,30.4,82,4.3,6.5,1.7,0.2,2.5,8.9,0.425,0.262,0.456,13.8,18.3,2.3,-1.2,0.5,"$2,397,840 ","$2,733,386 "
Markieff Morris,2016-17,27,WAS,31.2,76,6.5,1.7,1.1,0.6,1.7,14,0.457,0.362,0.54,13.7,20.5,4.1,-1.5,0.3,"$7,400,000 ","$8,341,909 "
Marvin Williams,2016-17,30,CHO,30.2,76,6.6,1.4,0.8,0.7,0.8,11.2,0.422,0.35,0.551,13.7,16.3,5,0,1.1,"$12,250,000 ","$13,809,242 "
Victor Oladipo,2013-14,21,ORL,31.1,80,4.1,4.1,1.6,0.5,3.2,13.8,0.419,0.327,0.514,13.6,24.4,1.3,-1.4,0.3,"$4,763,760 ","$5,542,922 "
Jaylen Brown,2017-18,21,BOS,30.7,70,4.9,1.6,1,0.4,1.8,14.5,0.465,0.395,0.562,13.6,21.4,4.5,-0.5,0.8,"$4,956,480 ","$5,497,564 "
Jimmy Butler,2013-14,24,CHI,38.7,67,4.9,2.6,1.9,0.5,1.5,13.1,0.397,0.283,0.522,13.5,16.8,7.1,1.1,2,"$1,174,080 ","$1,366,112 "
Joe Harris,2018-19,27,BRK,30.2,76,3.8,2.4,0.5,0.2,1.6,13.7,0.5,0.474,0.645,13.5,17,5.5,0.5,1.4,"$8,333,333 ","$8,985,047 "
P.J. Tucker,2013-14,28,PHO,30.7,81,6.5,1.7,1.4,0.3,1.3,9.4,0.431,0.387,0.54,13.3,14.2,6.1,1,1.9,"$884,293 ","$1,028,928 "
Randy Foye,2013-14,30,DEN,30.7,81,2.9,3.5,0.8,0.5,1.8,13.2,0.413,0.38,0.558,13.3,18.8,4.6,0.5,1.6,"$3,000,000 ","$3,490,681 "
Eric Gordon,2016-17,28,HOU,31,75,2.7,2.5,0.6,0.5,1.6,16.2,0.406,0.372,0.557,13.2,22.1,3.8,-0.1,1.1,"$12,385,665 ","$13,962,175 "
Arron Afflalo,2012-13,27,ORL,36,64,3.7,3.2,0.6,0.2,2.2,16.5,0.439,0.3,0.527,13,22.5,2,-2.9,-0.5,"$7,562,500 ","$8,953,803 "
Luke Ridnour,2012-13,31,MIN,30.2,82,2.5,3.8,1,0.2,1.6,11.5,0.453,0.311,0.532,13,18.3,4.3,-0.8,0.8,"$4,000,000 ","$4,735,896 "
Patrick Beverley,2016-17,28,HOU,30.7,67,5.9,4.2,1.5,0.4,1.5,9.5,0.42,0.382,0.546,13,14.1,5.3,1.1,1.6,"$6,000,000 ","$6,763,710 "
Andrew Wiggins,2017-18,22,MIN,36.3,82,4.4,2,1.1,0.6,1.7,17.7,0.438,0.331,0.505,13,23.4,2.1,-2.4,-0.3,"$7,574,322 ","$8,401,187 "
Courtney Lee,2017-18,32,NYK,30.4,76,2.9,2.4,1.1,0.2,1.1,12,0.454,0.406,0.564,13,16.9,3.9,-0.3,1,"$11,747,890 ","$13,030,371 "
Raymond Felton,2013-14,29,NYK,31,65,3,5.6,1.2,0.4,2,9.7,0.395,0.318,0.476,12.9,18.2,2.2,-1.2,0.4,"$4,180,000 ","$4,863,682 "
Draymond Green,2018-19,28,GSW,31.3,66,7.3,6.9,1.4,1.1,2.6,7.4,0.445,0.285,0.526,12.9,13.1,4.3,1.4,1.8,"$17,469,565 ","$18,835,786 "
Taurean Prince,2017-18,23,ATL,30,82,4.7,2.6,1,0.5,2.3,14.1,0.426,0.385,0.549,12.8,22.1,2,-1.1,0.6,"$2,422,560 ","$2,687,023 "
Klay Thompson,2012-13,22,GSW,35.8,82,3.7,2.2,1,0.5,1.9,16.6,0.422,0.401,0.533,12.7,21.8,4.3,-0.3,1.3,"$2,222,160 ","$2,630,979 "
Avery Bradley,2013-14,23,BOS,30.9,60,3.8,1.4,1.1,0.2,1.6,14.9,0.438,0.395,0.51,12.7,23.2,1.8,-1.9,0.1,"$2,511,432 ","$2,922,202 "
Trevor Ariza,2014-15,29,HOU,35.7,82,5.6,2.5,1.9,0.2,1.7,12.8,0.402,0.35,0.539,12.7,16.5,6.6,1,2.2,"$8,600,000 ","$9,803,458 "
Marcus Morris,2015-16,26,DET,35.7,80,5.1,2.5,0.8,0.3,1.8,14.1,0.434,0.362,0.531,12.7,18.4,5.4,-0.2,1.3,"$5,000,000 ","$5,692,639 "
Trey Burke,2014-15,22,UTA,30.1,76,2.7,4.3,0.9,0.2,1.6,12.8,0.368,0.318,0.455,12.6,23.9,2.4,-1.4,0.3,"$2,548,560 ","$2,905,197 "
Khris Middleton,2013-14,22,MIL,30,82,3.8,2.1,1,0.2,1.5,12.1,0.44,0.414,0.541,12.5,19.1,2.7,-2.3,-0.2,"$788,872 ","$917,900 "
P.J. Tucker,2014-15,29,PHO,30.6,78,6.4,1.6,1.4,0.3,1.2,9.1,0.438,0.345,0.541,12.5,13.9,4.9,0.4,1.4,"$5,700,000 ","$6,497,640 "
Evan Turner,2013-14,25,TOT,30.3,81,5,3.2,0.8,0.1,2.3,14,0.425,0.321,0.498,12.4,23.2,1.4,-3.3,-0.8,"$6,679,866 ","$7,772,427 "
Wilson Chandler,2013-14,26,DEN,31.1,62,4.7,1.8,0.7,0.5,1.3,13.6,0.416,0.348,0.526,12.4,19.5,3.1,-0.8,0.6,"$6,344,164 ","$7,381,817 "
J.R. Smith,2015-16,30,CLE,30.7,77,2.8,1.7,1.1,0.3,0.8,12.4,0.415,0.4,0.542,12.4,18,5.5,0.5,1.5,"$5,000,000 ","$5,692,639 "
Kentavious Caldwell-Pope,2015-16,22,DET,36.7,76,3.7,1.8,1.4,0.2,1.4,14.5,0.42,0.309,0.521,12.4,18.2,5.3,-0.3,1.2,"$2,891,760 ","$3,292,349 "
Harrison Barnes,2015-16,23,GSW,30.9,66,4.9,1.8,0.6,0.2,0.9,11.7,0.466,0.383,0.559,12.3,15.9,4.9,-1.3,0.3,"$3,873,398 ","$4,409,971 "
Marcus Smart,2016-17,22,BOS,30.4,79,3.9,4.6,1.6,0.4,2,10.6,0.359,0.283,0.486,12,18.8,3.2,-1.3,0.4,"$3,578,880 ","$4,034,418 "
Al-Farouq Aminu,2017-18,27,POR,30,69,7.6,1.2,1.1,0.6,1.1,9.3,0.395,0.369,0.522,12,14.8,4.2,0.4,1.3,"$7,319,035 ","$8,118,032 "
Gerald Wallace,2012-13,30,BRK,30.1,69,4.6,2.6,1.4,0.7,1.6,7.7,0.397,0.282,0.49,11.6,14.5,3.1,0.7,1.3,"$9,682,435 ","$11,463,751 "
Courtney Lee,2014-15,29,MEM,30.6,77,2.3,2,1,0.2,1,10.1,0.448,0.402,0.555,11.5,15.2,4.8,-0.5,0.9,"$5,450,000 ","$6,212,656 "
P.J. Tucker,2015-16,30,PHO,31,82,6.2,2.2,1.3,0.2,1.4,8,0.411,0.33,0.506,10.8,12.7,3.5,-1.2,0.5,"$5,500,000 ","$6,261,902 "
Alonzo Gee,2012-13,25,CLE,31,82,3.9,1.6,1.3,0.4,1.6,10.3,0.41,0.315,0.505,10.5,16.9,1.9,-2.6,-0.4,"$3,500,000 ","$4,143,909 "
Wesley Matthews,2018-19,32,TOT,30.3,69,2.5,2.3,0.8,0.2,1.3,12.2,0.4,0.372,0.546,10.3,17.8,2.7,-1.8,0.1,"$19,360,228 ","$20,874,309 "
Emmanuel Mudiay,2015-16,19,DEN,30.4,68,3.4,5.5,1,0.5,3.2,12.8,0.364,0.319,0.437,9.9,25.7,-2.1,-4.2,-1.2,"$3,102,240 ","$3,531,986 "
Kyle Korver,2015-16,34,ATL,30,80,3.3,2.1,0.8,0.4,1.2,9.2,0.435,0.398,0.578,9.7,13.7,4.1,-1,0.6,"$12,000,000 ","$13,662,333 "
Andre Roberson,2016-17,25,OKC,30.1,79,5.1,1,1.2,1,0.6,6.6,0.464,0.245,0.51,9.6,10.1,4.2,-1,0.6,"$2,183,072 ","$2,460,944 "
Avery Bradley,2018-19,28,TOT,30.2,63,2.8,2.4,0.7,0.3,1.4,9.9,0.408,0.351,0.496,7.6,16.2,0.3,-3.7,-0.8,"$12,000,000 ","$12,938,469 "
